[{"model": "admin.logentry", "pk": 1, "fields": {"action_time": "2021-05-31T20:31:28.641Z", "user": 1, "content_type": 7, "object_id": "1", "object_repr": "fitnesswellness.example.com", "action_flag": 2, "change_message": "[{\"changed\": {\"fields\": [\"Domain name\", \"Display name\"]}}]"}}, {"model": "admin.logentry", "pk": 2, "fields": {"action_time": "2021-05-31T20:49:09.112Z", "user": 1, "content_type": 8, "object_id": "1", "object_repr": "ruby.srivas1984@gmail.com", "action_flag": 3, "change_message": ""}}, {"model": "admin.logentry", "pk": 3, "fields": {"action_time": "2021-05-31T20:49:29.120Z", "user": 1, "content_type": 8, "object_id": "2", "object_repr": "ruby.srivas1984@gmail.com", "action_flag": 1, "change_message": "[{\"added\": {}}]"}}, {"model": "admin.logentry", "pk": 4, "fields": {"action_time": "2021-06-06T10:01:03.484Z", "user": 1, "content_type": 13, "object_id": "1", "object_repr": "ordinary", "action_flag": 1, "change_message": "[{\"added\": {}}]"}}, {"model": "admin.logentry", "pk": 5, "fields": {"action_time": "2021-06-06T10:01:50.802Z", "user": 1, "content_type": 13, "object_id": "2", "object_repr": "yearly", "action_flag": 1, "change_message": "[{\"added\": {}}]"}}, {"model": "admin.logentry", "pk": 6, "fields": {"action_time": "2021-06-06T10:02:07.883Z", "user": 1, "content_type": 13, "object_id": "3", "object_repr": "blue", "action_flag": 1, "change_message": "[{\"added\": {}}]"}}, {"model": "admin.logentry", "pk": 7, "fields": {"action_time": "2021-06-06T10:02:20.203Z", "user": 1, "content_type": 13, "object_id": "4", "object_repr": "gold", "action_flag": 1, "change_message": "[{\"added\": {}}]"}}, {"model": "admin.logentry", "pk": 8, "fields": {"action_time": "2021-06-06T10:02:29.319Z", "user": 1, "content_type": 13, "object_id": "5", "object_repr": "black", "action_flag": 1, "change_message": "[{\"added\": {}}]"}}, {"model": "admin.logentry", "pk": 9, "fields": {"action_time": "2021-06-06T10:02:43.627Z", "user": 1, "content_type": 13, "object_id": "6", "object_repr": "weekly_offer", "action_flag": 1, "change_message": "[{\"added\": {}}]"}}, {"model": "admin.logentry", "pk": 10, "fields": {"action_time": "2021-06-06T10:14:27.218Z", "user": 1, "content_type": 14, "object_id": "1", "object_repr": "Ordinary Monthly", "action_flag": 1, "change_message": "[{\"added\": {}}]"}}, {"model": "admin.logentry", "pk": 11, "fields": {"action_time": "2021-06-06T10:15:34.170Z", "user": 1, "content_type": 14, "object_id": "1", "object_repr": "Ordinary Monthly", "action_flag": 2, "change_message": "[]"}}, {"model": "admin.logentry", "pk": 12, "fields": {"action_time": "2021-06-06T10:17:52.314Z", "user": 1, "content_type": 14, "object_id": "2", "object_repr": "Yearly", "action_flag": 1, "change_message": "[{\"added\": {}}]"}}, {"model": "admin.logentry", "pk": 13, "fields": {"action_time": "2021-06-06T10:19:28.517Z", "user": 1, "content_type": 14, "object_id": "3", "object_repr": "Blue", "action_flag": 1, "change_message": "[{\"added\": {}}]"}}, {"model": "admin.logentry", "pk": 14, "fields": {"action_time": "2021-06-06T10:21:25.786Z", "user": 1, "content_type": 14, "object_id": "4", "object_repr": "Gold", "action_flag": 1, "change_message": "[{\"added\": {}}]"}}, {"model": "admin.logentry", "pk": 15, "fields": {"action_time": "2021-06-06T10:23:20.153Z", "user": 1, "content_type": 14, "object_id": "5", "object_repr": "Black", "action_flag": 1, "change_message": "[{\"added\": {}}]"}}, {"model": "admin.logentry", "pk": 16, "fields": {"action_time": "2021-06-06T10:25:23.672Z", "user": 1, "content_type": 14, "object_id": "6", "object_repr": "Weekly Offer", "action_flag": 1, "change_message": "[{\"added\": {}}]"}}, {"model": "admin.logentry", "pk": 17, "fields": {"action_time": "2021-06-06T13:50:09.900Z", "user": 1, "content_type": 13, "object_id": "6", "object_repr": "general_program", "action_flag": 2, "change_message": "[{\"changed\": {\"fields\": [\"Name\", \"Friendly name\"]}}]"}}, {"model": "admin.logentry", "pk": 18, "fields": {"action_time": "2021-06-06T13:50:32.526Z", "user": 1, "content_type": 13, "object_id": "5", "object_repr": "loyal_program", "action_flag": 2, "change_message": "[{\"changed\": {\"fields\": [\"Name\", \"Friendly name\"]}}]"}}, {"model": "admin.logentry", "pk": 19, "fields": {"action_time": "2021-06-06T13:51:10.545Z", "user": 1, "content_type": 13, "object_id": "4", "object_repr": "offer", "action_flag": 2, "change_message": "[{\"changed\": {\"fields\": [\"Name\", \"Friendly name\"]}}]"}}, {"model": "admin.logentry", "pk": 20, "fields": {"action_time": "2021-06-06T13:51:29.803Z", "user": 1, "content_type": 13, "object_id": "3", "object_repr": "training", "action_flag": 2, "change_message": "[{\"changed\": {\"fields\": [\"Name\", \"Friendly name\"]}}]"}}, {"model": "admin.logentry", "pk": 21, "fields": {"action_time": "2021-06-06T13:51:37.785Z", "user": 1, "content_type": 13, "object_id": "2", "object_repr": "yearly", "action_flag": 3, "change_message": ""}}, {"model": "admin.logentry", "pk": 22, "fields": {"action_time": "2021-06-06T13:51:43.206Z", "user": 1, "content_type": 13, "object_id": "1", "object_repr": "ordinary", "action_flag": 3, "change_message": ""}}, {"model": "admin.logentry", "pk": 23, "fields": {"action_time": "2021-06-06T13:53:32.616Z", "user": 1, "content_type": 14, "object_id": "1", "object_repr": "Monthly", "action_flag": 2, "change_message": "[{\"changed\": {\"fields\": [\"Category\", \"Name\"]}}]"}}, {"model": "admin.logentry", "pk": 24, "fields": {"action_time": "2021-06-06T13:53:51.863Z", "user": 1, "content_type": 14, "object_id": "2", "object_repr": "Yearly", "action_flag": 2, "change_message": "[{\"changed\": {\"fields\": [\"Category\"]}}]"}}, {"model": "admin.logentry", "pk": 25, "fields": {"action_time": "2021-06-06T13:54:11.677Z", "user": 1, "content_type": 14, "object_id": "3", "object_repr": "Blue", "action_flag": 2, "change_message": "[{\"changed\": {\"fields\": [\"Category\"]}}]"}}, {"model": "admin.logentry", "pk": 26, "fields": {"action_time": "2021-06-06T13:54:23.592Z", "user": 1, "content_type": 14, "object_id": "4", "object_repr": "Gold", "action_flag": 2, "change_message": "[{\"changed\": {\"fields\": [\"Category\"]}}]"}}, {"model": "admin.logentry", "pk": 27, "fields": {"action_time": "2021-06-06T13:54:34.375Z", "user": 1, "content_type": 14, "object_id": "5", "object_repr": "Black", "action_flag": 2, "change_message": "[]"}}, {"model": "admin.logentry", "pk": 28, "fields": {"action_time": "2021-06-06T13:54:34.567Z", "user": 1, "content_type": 14, "object_id": "5", "object_repr": "Black", "action_flag": 2, "change_message": "[]"}}, {"model": "admin.logentry", "pk": 29, "fields": {"action_time": "2021-06-06T13:54:47.937Z", "user": 1, "content_type": 14, "object_id": "6", "object_repr": "Weekly Offer", "action_flag": 2, "change_message": "[{\"changed\": {\"fields\": [\"Category\"]}}]"}}, {"model": "admin.logentry", "pk": 30, "fields": {"action_time": "2021-06-06T13:59:00.778Z", "user": 1, "content_type": 14, "object_id": "7", "object_repr": "Silver", "action_flag": 1, "change_message": "[{\"added\": {}}]"}}, {"model": "admin.logentry", "pk": 31, "fields": {"action_time": "2021-06-07T08:22:56.953Z", "user": 1, "content_type": 14, "object_id": "3", "object_repr": "Blue", "action_flag": 2, "change_message": "[{\"changed\": {\"fields\": [\"Description\"]}}]"}}, {"model": "admin.logentry", "pk": 32, "fields": {"action_time": "2021-06-07T08:24:18.053Z", "user": 1, "content_type": 14, "object_id": "3", "object_repr": "Blue", "action_flag": 2, "change_message": "[{\"changed\": {\"fields\": [\"Description\"]}}]"}}, {"model": "admin.logentry", "pk": 33, "fields": {"action_time": "2021-06-07T08:47:24.598Z", "user": 1, "content_type": 14, "object_id": "8", "object_repr": "August Offer", "action_flag": 1, "change_message": "[{\"added\": {}}]"}}, {"model": "admin.logentry", "pk": 34, "fields": {"action_time": "2021-06-07T08:48:27.486Z", "user": 1, "content_type": 14, "object_id": "8", "object_repr": "Train out in August", "action_flag": 2, "change_message": "[{\"changed\": {\"fields\": [\"Name\"]}}]"}}, {"model": "admin.logentry", "pk": 35, "fields": {"action_time": "2021-06-08T21:32:23.492Z", "user": 1, "content_type": 13, "object_id": "7", "object_repr": "apparel", "action_flag": 1, "change_message": "[{\"added\": {}}]"}}, {"model": "admin.logentry", "pk": 36, "fields": {"action_time": "2021-06-08T21:32:47.904Z", "user": 1, "content_type": 13, "object_id": "8", "object_repr": "accessories", "action_flag": 1, "change_message": "[{\"added\": {}}]"}}, {"model": "admin.logentry", "pk": 37, "fields": {"action_time": "2021-06-08T21:33:11.557Z", "user": 1, "content_type": 13, "object_id": "9", "object_repr": "nutrition_product", "action_flag": 1, "change_message": "[{\"added\": {}}]"}}, {"model": "admin.logentry", "pk": 38, "fields": {"action_time": "2021-06-08T21:35:17.364Z", "user": 1, "content_type": 14, "object_id": "7", "object_repr": "Silver", "action_flag": 2, "change_message": "[{\"changed\": {\"fields\": [\"Sku\"]}}]"}}, {"model": "admin.logentry", "pk": 39, "fields": {"action_time": "2021-06-08T21:35:42.486Z", "user": 1, "content_type": 14, "object_id": "3", "object_repr": "Blue", "action_flag": 2, "change_message": "[{\"changed\": {\"fields\": [\"Sku\"]}}]"}}, {"model": "admin.logentry", "pk": 40, "fields": {"action_time": "2021-06-08T21:36:06.281Z", "user": 1, "content_type": 14, "object_id": "3", "object_repr": "Blue", "action_flag": 2, "change_message": "[{\"changed\": {\"fields\": [\"Sku\"]}}]"}}, {"model": "admin.logentry", "pk": 41, "fields": {"action_time": "2021-06-08T21:36:21.202Z", "user": 1, "content_type": 14, "object_id": "6", "object_repr": "Weekly Offer", "action_flag": 2, "change_message": "[{\"changed\": {\"fields\": [\"Sku\"]}}]"}}, {"model": "admin.logentry", "pk": 42, "fields": {"action_time": "2021-06-08T21:41:17.358Z", "user": 1, "content_type": 14, "object_id": "9", "object_repr": "Personal", "action_flag": 1, "change_message": "[{\"added\": {}}]"}}, {"model": "admin.logentry", "pk": 43, "fields": {"action_time": "2021-06-08T21:43:13.951Z", "user": 1, "content_type": 14, "object_id": "10", "object_repr": "Group", "action_flag": 1, "change_message": "[{\"added\": {}}]"}}, {"model": "admin.logentry", "pk": 44, "fields": {"action_time": "2021-06-08T21:47:07.356Z", "user": 1, "content_type": 14, "object_id": "11", "object_repr": "Online", "action_flag": 1, "change_message": "[{\"added\": {}}]"}}, {"model": "admin.logentry", "pk": 45, "fields": {"action_time": "2021-06-08T22:12:28.689Z", "user": 1, "content_type": 14, "object_id": "1", "object_repr": "Monthly", "action_flag": 2, "change_message": "[{\"changed\": {\"fields\": [\"Image url\", \"Image\"]}}]"}}, {"model": "admin.logentry", "pk": 46, "fields": {"action_time": "2021-06-08T22:12:48.903Z", "user": 1, "content_type": 14, "object_id": "1", "object_repr": "Monthly", "action_flag": 2, "change_message": "[{\"changed\": {\"fields\": [\"Image\"]}}]"}}, {"model": "admin.logentry", "pk": 47, "fields": {"action_time": "2021-06-08T22:13:07.420Z", "user": 1, "content_type": 14, "object_id": "2", "object_repr": "Yearly", "action_flag": 2, "change_message": "[{\"changed\": {\"fields\": [\"Image\"]}}]"}}, {"model": "admin.logentry", "pk": 48, "fields": {"action_time": "2021-06-08T22:13:24.444Z", "user": 1, "content_type": 14, "object_id": "7", "object_repr": "Silver", "action_flag": 2, "change_message": "[{\"changed\": {\"fields\": [\"Image\"]}}]"}}, {"model": "admin.logentry", "pk": 49, "fields": {"action_time": "2021-06-08T22:13:40.282Z", "user": 1, "content_type": 14, "object_id": "4", "object_repr": "Gold", "action_flag": 2, "change_message": "[{\"changed\": {\"fields\": [\"Image\"]}}]"}}, {"model": "admin.logentry", "pk": 50, "fields": {"action_time": "2021-06-08T22:13:58.008Z", "user": 1, "content_type": 14, "object_id": "5", "object_repr": "Black", "action_flag": 2, "change_message": "[{\"changed\": {\"fields\": [\"Image\"]}}]"}}, {"model": "admin.logentry", "pk": 51, "fields": {"action_time": "2021-06-08T22:14:12.919Z", "user": 1, "content_type": 14, "object_id": "3", "object_repr": "Blue", "action_flag": 2, "change_message": "[{\"changed\": {\"fields\": [\"Image\"]}}]"}}, {"model": "admin.logentry", "pk": 52, "fields": {"action_time": "2021-06-08T22:17:50.332Z", "user": 1, "content_type": 14, "object_id": "8", "object_repr": "Train out in August", "action_flag": 2, "change_message": "[{\"changed\": {\"fields\": [\"Image url\", \"Image\"]}}]"}}, {"model": "admin.logentry", "pk": 53, "fields": {"action_time": "2021-06-08T22:18:07.619Z", "user": 1, "content_type": 14, "object_id": "6", "object_repr": "Weekly Offer", "action_flag": 2, "change_message": "[{\"changed\": {\"fields\": [\"Image\"]}}]"}}, {"model": "admin.logentry", "pk": 54, "fields": {"action_time": "2021-06-08T22:18:38.387Z", "user": 1, "content_type": 14, "object_id": "9", "object_repr": "Personal", "action_flag": 2, "change_message": "[{\"changed\": {\"fields\": [\"Image url\", \"Image\"]}}]"}}, {"model": "admin.logentry", "pk": 55, "fields": {"action_time": "2021-06-08T22:19:16.750Z", "user": 1, "content_type": 14, "object_id": "10", "object_repr": "Group", "action_flag": 2, "change_message": "[{\"changed\": {\"fields\": [\"Image url\", \"Image\"]}}]"}}, {"model": "admin.logentry", "pk": 56, "fields": {"action_time": "2021-06-08T22:20:23.094Z", "user": 1, "content_type": 14, "object_id": "11", "object_repr": "Online", "action_flag": 2, "change_message": "[{\"changed\": {\"fields\": [\"Image url\", \"Image\"]}}]"}}, {"model": "admin.logentry", "pk": 57, "fields": {"action_time": "2021-06-08T22:55:18.888Z", "user": 1, "content_type": 14, "object_id": "12", "object_repr": "T-Shirt", "action_flag": 1, "change_message": "[{\"added\": {}}]"}}, {"model": "admin.logentry", "pk": 58, "fields": {"action_time": "2021-06-08T22:55:46.232Z", "user": 1, "content_type": 14, "object_id": "12", "object_repr": "T-Shirt", "action_flag": 2, "change_message": "[{\"changed\": {\"fields\": [\"Image url\"]}}]"}}, {"model": "admin.logentry", "pk": 59, "fields": {"action_time": "2021-06-08T22:56:56.610Z", "user": 1, "content_type": 14, "object_id": "13", "object_repr": "Top", "action_flag": 1, "change_message": "[{\"added\": {}}]"}}, {"model": "admin.logentry", "pk": 60, "fields": {"action_time": "2021-06-09T09:28:07.917Z", "user": 1, "content_type": 14, "object_id": "14", "object_repr": "Orange Top", "action_flag": 1, "change_message": "[{\"added\": {}}]"}}, {"model": "admin.logentry", "pk": 61, "fields": {"action_time": "2021-06-09T09:29:22.442Z", "user": 1, "content_type": 14, "object_id": "15", "object_repr": "Printed Top", "action_flag": 1, "change_message": "[{\"added\": {}}]"}}, {"model": "admin.logentry", "pk": 62, "fields": {"action_time": "2021-06-09T09:31:05.029Z", "user": 1, "content_type": 14, "object_id": "16", "object_repr": "Training Top", "action_flag": 1, "change_message": "[{\"added\": {}}]"}}, {"model": "admin.logentry", "pk": 63, "fields": {"action_time": "2021-06-09T09:32:51.903Z", "user": 1, "content_type": 14, "object_id": "17", "object_repr": "Training Legging", "action_flag": 1, "change_message": "[{\"added\": {}}]"}}, {"model": "admin.logentry", "pk": 64, "fields": {"action_time": "2021-06-09T09:34:12.297Z", "user": 1, "content_type": 14, "object_id": "18", "object_repr": "Printed Legging", "action_flag": 1, "change_message": "[{\"added\": {}}]"}}, {"model": "admin.logentry", "pk": 65, "fields": {"action_time": "2021-06-09T09:35:20.319Z", "user": 1, "content_type": 14, "object_id": "19", "object_repr": "Black Jogger", "action_flag": 1, "change_message": "[{\"added\": {}}]"}}, {"model": "admin.logentry", "pk": 66, "fields": {"action_time": "2021-06-09T09:36:45.396Z", "user": 1, "content_type": 14, "object_id": "20", "object_repr": "Gym Bag", "action_flag": 1, "change_message": "[{\"added\": {}}]"}}, {"model": "admin.logentry", "pk": 67, "fields": {"action_time": "2021-06-09T09:37:11.769Z", "user": 1, "content_type": 14, "object_id": "20", "object_repr": "Gym Bag", "action_flag": 2, "change_message": "[{\"changed\": {\"fields\": [\"Sku\"]}}]"}}, {"model": "admin.logentry", "pk": 68, "fields": {"action_time": "2021-06-09T09:38:12.759Z", "user": 1, "content_type": 14, "object_id": "21", "object_repr": "Hand Bag", "action_flag": 1, "change_message": "[{\"added\": {}}]"}}, {"model": "admin.logentry", "pk": 69, "fields": {"action_time": "2021-06-09T09:40:05.762Z", "user": 1, "content_type": 14, "object_id": "22", "object_repr": "Cotton Mask", "action_flag": 1, "change_message": "[{\"added\": {}}]"}}, {"model": "admin.logentry", "pk": 70, "fields": {"action_time": "2021-06-09T09:41:07.211Z", "user": 1, "content_type": 14, "object_id": "23", "object_repr": "Disposal Mask", "action_flag": 1, "change_message": "[{\"added\": {}}]"}}, {"model": "admin.logentry", "pk": 71, "fields": {"action_time": "2021-06-09T09:41:26.198Z", "user": 1, "content_type": 14, "object_id": "23", "object_repr": "Disposal Mask", "action_flag": 2, "change_message": "[{\"changed\": {\"fields\": [\"Image url\"]}}]"}}, {"model": "admin.logentry", "pk": 72, "fields": {"action_time": "2021-06-09T09:43:07.996Z", "user": 1, "content_type": 14, "object_id": "24", "object_repr": "Water Bottle Black", "action_flag": 1, "change_message": "[{\"added\": {}}]"}}, {"model": "admin.logentry", "pk": 73, "fields": {"action_time": "2021-06-09T09:44:03.456Z", "user": 1, "content_type": 14, "object_id": "25", "object_repr": "Water Bottle Orange", "action_flag": 1, "change_message": "[{\"added\": {}}]"}}, {"model": "admin.logentry", "pk": 74, "fields": {"action_time": "2021-06-09T09:45:40.948Z", "user": 1, "content_type": 14, "object_id": "26", "object_repr": "Cap Men", "action_flag": 1, "change_message": "[{\"added\": {}}]"}}, {"model": "admin.logentry", "pk": 75, "fields": {"action_time": "2021-06-09T09:48:13.068Z", "user": 1, "content_type": 14, "object_id": "27", "object_repr": "Cap Women", "action_flag": 1, "change_message": "[{\"added\": {}}]"}}, {"model": "admin.logentry", "pk": 76, "fields": {"action_time": "2021-06-09T09:49:57.134Z", "user": 1, "content_type": 14, "object_id": "28", "object_repr": "Exercise Band Purple", "action_flag": 1, "change_message": "[{\"added\": {}}]"}}, {"model": "admin.logentry", "pk": 77, "fields": {"action_time": "2021-06-09T09:51:03.610Z", "user": 1, "content_type": 14, "object_id": "29", "object_repr": "Exercise Band Long", "action_flag": 1, "change_message": "[{\"added\": {}}]"}}, {"model": "admin.logentry", "pk": 78, "fields": {"action_time": "2021-06-09T09:53:10.901Z", "user": 1, "content_type": 14, "object_id": "30", "object_repr": "Daily Essential Shake", "action_flag": 1, "change_message": "[{\"added\": {}}]"}}, {"model": "admin.logentry", "pk": 79, "fields": {"action_time": "2021-06-09T09:55:11.861Z", "user": 1, "content_type": 14, "object_id": "31", "object_repr": "Cinnamon Toast", "action_flag": 1, "change_message": "[{\"added\": {}}]"}}, {"model": "admin.logentry", "pk": 80, "fields": {"action_time": "2021-06-09T09:57:07.524Z", "user": 1, "content_type": 14, "object_id": "32", "object_repr": "Huel", "action_flag": 1, "change_message": "[{\"added\": {}}]"}}, {"model": "admin.logentry", "pk": 81, "fields": {"action_time": "2021-06-09T09:58:46.124Z", "user": 1, "content_type": 14, "object_id": "33", "object_repr": "Blueberry Cobbler", "action_flag": 1, "change_message": "[{\"added\": {}}]"}}, {"model": "admin.logentry", "pk": 82, "fields": {"action_time": "2021-06-09T10:00:22.029Z", "user": 1, "content_type": 14, "object_id": "34", "object_repr": "Organic Crave", "action_flag": 1, "change_message": "[{\"added\": {}}]"}}, {"model": "admin.logentry", "pk": 83, "fields": {"action_time": "2021-06-09T10:01:46.367Z", "user": 1, "content_type": 14, "object_id": "35", "object_repr": "Protien Water", "action_flag": 1, "change_message": "[{\"added\": {}}]"}}, {"model": "admin.logentry", "pk": 84, "fields": {"action_time": "2021-06-09T10:02:59.622Z", "user": 1, "content_type": 14, "object_id": "36", "object_repr": "Organic Rice Protien", "action_flag": 1, "change_message": "[{\"added\": {}}]"}}, {"model": "admin.logentry", "pk": 85, "fields": {"action_time": "2021-06-13T17:23:06.969Z", "user": 1, "content_type": 17, "object_id": "2", "object_repr": "CC4289AEC9194323BD7F0A08E5FBC884", "action_flag": 2, "change_message": "[{\"changed\": {\"name\": \"order line item\", \"object\": \"SKU fw7005000029 on order CC4289AEC9194323BD7F0A08E5FBC884\", \"fields\": [\"Product\", \"Quantity\"]}}]"}}, {"model": "admin.logentry", "pk": 86, "fields": {"action_time": "2021-06-13T17:23:29.661Z", "user": 1, "content_type": 17, "object_id": "2", "object_repr": "CC4289AEC9194323BD7F0A08E5FBC884", "action_flag": 2, "change_message": "[{\"changed\": {\"name\": \"order line item\", \"object\": \"SKU fw7005000024 on order CC4289AEC9194323BD7F0A08E5FBC884\", \"fields\": [\"Product\"]}}]"}}, {"model": "admin.logentry", "pk": 87, "fields": {"action_time": "2021-06-13T17:27:26.396Z", "user": 1, "content_type": 17, "object_id": "3", "object_repr": "3579B2424C1F409C91BAD4FEEA55ED9D", "action_flag": 2, "change_message": "[{\"changed\": {\"name\": \"order line item\", \"object\": \"SKU fw7005000022 on order 3579B2424C1F409C91BAD4FEEA55ED9D\", \"fields\": [\"Quantity\"]}}]"}}, {"model": "admin.logentry", "pk": 88, "fields": {"action_time": "2021-06-13T17:29:18.526Z", "user": 1, "content_type": 17, "object_id": "3", "object_repr": "3579B2424C1F409C91BAD4FEEA55ED9D", "action_flag": 3, "change_message": ""}}, {"model": "admin.logentry", "pk": 89, "fields": {"action_time": "2021-06-13T17:29:28.322Z", "user": 1, "content_type": 17, "object_id": "2", "object_repr": "CC4289AEC9194323BD7F0A08E5FBC884", "action_flag": 2, "change_message": "[{\"deleted\": {\"name\": \"order line item\", \"object\": \"SKU fw7005000024 on order CC4289AEC9194323BD7F0A08E5FBC884\"}}]"}}, {"model": "admin.logentry", "pk": 90, "fields": {"action_time": "2021-06-14T21:03:41.350Z", "user": 1, "content_type": 14, "object_id": "38", "object_repr": "testtrain", "action_flag": 3, "change_message": ""}}, {"model": "admin.logentry", "pk": 91, "fields": {"action_time": "2021-06-14T21:03:41.380Z", "user": 1, "content_type": 14, "object_id": "37", "object_repr": "test", "action_flag": 3, "change_message": ""}}, {"model": "admin.logentry", "pk": 92, "fields": {"action_time": "2021-06-15T10:07:30.478Z", "user": 1, "content_type": 20, "object_id": "1", "object_repr": "Subscribe object (1)", "action_flag": 1, "change_message": "[{\"added\": {}}]"}}, {"model": "admin.logentry", "pk": 93, "fields": {"action_time": "2021-06-15T10:08:31.124Z", "user": 1, "content_type": 20, "object_id": "1", "object_repr": "Subscribe object (1)", "action_flag": 2, "change_message": "[]"}}, {"model": "admin.logentry", "pk": 94, "fields": {"action_time": "2021-06-15T11:04:30.466Z", "user": 1, "content_type": 20, "object_id": "1", "object_repr": "Subscribe object (1)", "action_flag": 3, "change_message": ""}}, {"model": "admin.logentry", "pk": 95, "fields": {"action_time": "2021-06-15T11:04:39.090Z", "user": 1, "content_type": 20, "object_id": "2", "object_repr": "Subscribe object (2)", "action_flag": 1, "change_message": "[{\"added\": {}}]"}}, {"model": "admin.logentry", "pk": 96, "fields": {"action_time": "2021-06-15T11:05:15.445Z", "user": 1, "content_type": 20, "object_id": "2", "object_repr": "Subscribe object (2)", "action_flag": 2, "change_message": "[]"}}, {"model": "admin.logentry", "pk": 97, "fields": {"action_time": "2021-06-15T11:05:50.459Z", "user": 1, "content_type": 20, "object_id": "3", "object_repr": "Subscribe object (3)", "action_flag": 1, "change_message": "[{\"added\": {}}]"}}, {"model": "admin.logentry", "pk": 98, "fields": {"action_time": "2021-06-15T11:23:52.378Z", "user": 1, "content_type": 20, "object_id": "4", "object_repr": "womiw42953@itwbuy.com", "action_flag": 1, "change_message": "[{\"added\": {}}]"}}, {"model": "admin.logentry", "pk": 99, "fields": {"action_time": "2021-06-15T11:42:40.613Z", "user": 1, "content_type": 20, "object_id": "5", "object_repr": "test@test.com", "action_flag": 1, "change_message": "[{\"added\": {}}]"}}, {"model": "admin.logentry", "pk": 100, "fields": {"action_time": "2021-06-15T22:28:57.397Z", "user": 1, "content_type": 14, "object_id": "41", "object_repr": "test", "action_flag": 3, "change_message": ""}}, {"model": "admin.logentry", "pk": 101, "fields": {"action_time": "2021-06-16T10:33:32.922Z", "user": 1, "content_type": 14, "object_id": "1", "object_repr": "Monthly", "action_flag": 2, "change_message": "[{\"changed\": {\"fields\": [\"Description\"]}}]"}}, {"model": "admin.logentry", "pk": 102, "fields": {"action_time": "2021-06-16T10:47:50.266Z", "user": 1, "content_type": 14, "object_id": "2", "object_repr": "Yearly", "action_flag": 2, "change_message": "[{\"changed\": {\"fields\": [\"Description\"]}}]"}}, {"model": "admin.logentry", "pk": 103, "fields": {"action_time": "2021-06-16T10:49:06.297Z", "user": 1, "content_type": 14, "object_id": "7", "object_repr": "Silver", "action_flag": 2, "change_message": "[{\"changed\": {\"fields\": [\"Description\"]}}]"}}, {"model": "admin.logentry", "pk": 104, "fields": {"action_time": "2021-06-16T15:27:50.262Z", "user": 1, "content_type": 21, "object_id": "1", "object_repr": "Ruby Srivastava", "action_flag": 1, "change_message": "[{\"added\": {}}]"}}, {"model": "admin.logentry", "pk": 105, "fields": {"action_time": "2021-06-16T21:11:57.969Z", "user": 1, "content_type": 21, "object_id": "2", "object_repr": "abcsriv", "action_flag": 1, "change_message": "[{\"added\": {}}]"}}, {"model": "admin.logentry", "pk": 106, "fields": {"action_time": "2021-06-17T07:38:05.042Z", "user": 1, "content_type": 21, "object_id": "1", "object_repr": "Ruby Srivastava", "action_flag": 2, "change_message": "[{\"changed\": {\"fields\": [\"Testimony\"]}}]"}}, {"model": "admin.logentry", "pk": 107, "fields": {"action_time": "2021-06-17T07:39:16.968Z", "user": 1, "content_type": 21, "object_id": "2", "object_repr": "abcsriv", "action_flag": 2, "change_message": "[{\"changed\": {\"fields\": [\"Testimony\"]}}]"}}, {"model": "admin.logentry", "pk": 108, "fields": {"action_time": "2021-06-17T07:40:03.126Z", "user": 1, "content_type": 21, "object_id": "3", "object_repr": "Sandy", "action_flag": 1, "change_message": "[{\"added\": {}}]"}}, {"model": "admin.logentry", "pk": 109, "fields": {"action_time": "2021-06-17T07:40:55.301Z", "user": 1, "content_type": 21, "object_id": "4", "object_repr": "Aayushman", "action_flag": 1, "change_message": "[{\"added\": {}}]"}}, {"model": "admin.logentry", "pk": 110, "fields": {"action_time": "2021-06-17T12:01:23.610Z", "user": 1, "content_type": 21, "object_id": "5", "object_repr": "sahdih", "action_flag": 1, "change_message": "[{\"added\": {}}]"}}, {"model": "admin.logentry", "pk": 111, "fields": {"action_time": "2021-06-18T10:23:10.770Z", "user": 1, "content_type": 22, "object_id": "1", "object_repr": "Ruby", "action_flag": 1, "change_message": "[{\"added\": {}}]"}}, {"model": "admin.logentry", "pk": 112, "fields": {"action_time": "2021-06-22T09:00:40.583Z", "user": 1, "content_type": 22, "object_id": "1", "object_repr": "Sandeep", "action_flag": 2, "change_message": "[{\"changed\": {\"fields\": [\"Name\", \"Testimony\"]}}]"}}, {"model": "admin.logentry", "pk": 113, "fields": {"action_time": "2021-06-22T09:02:39.944Z", "user": 1, "content_type": 22, "object_id": "2", "object_repr": "Aayushman", "action_flag": 1, "change_message": "[{\"added\": {}}]"}}, {"model": "admin.logentry", "pk": 114, "fields": {"action_time": "2021-06-22T09:05:56.348Z", "user": 1, "content_type": 22, "object_id": "3", "object_repr": "Abhigyan", "action_flag": 1, "change_message": "[{\"added\": {}}]"}}, {"model": "admin.logentry", "pk": 115, "fields": {"action_time": "2021-06-22T09:08:06.583Z", "user": 1, "content_type": 22, "object_id": "4", "object_repr": "Sandy", "action_flag": 1, "change_message": "[{\"added\": {}}]"}}, {"model": "admin.logentry", "pk": 116, "fields": {"action_time": "2021-06-22T09:18:56.547Z", "user": 1, "content_type": 14, "object_id": "12", "object_repr": "T-Shirt", "action_flag": 2, "change_message": "[{\"changed\": {\"fields\": [\"Description\"]}}]"}}, {"model": "admin.logentry", "pk": 117, "fields": {"action_time": "2021-06-22T09:20:34.090Z", "user": 1, "content_type": 14, "object_id": "13", "object_repr": "Top", "action_flag": 2, "change_message": "[{\"changed\": {\"fields\": [\"Description\"]}}]"}}, {"model": "admin.logentry", "pk": 118, "fields": {"action_time": "2021-06-22T09:21:48.579Z", "user": 1, "content_type": 14, "object_id": "14", "object_repr": "Orange Top", "action_flag": 2, "change_message": "[{\"changed\": {\"fields\": [\"Description\"]}}]"}}, {"model": "admin.logentry", "pk": 119, "fields": {"action_time": "2021-06-22T09:23:26.578Z", "user": 1, "content_type": 14, "object_id": "16", "object_repr": "Training Top", "action_flag": 2, "change_message": "[{\"changed\": {\"fields\": [\"Description\"]}}]"}}, {"model": "admin.logentry", "pk": 120, "fields": {"action_time": "2021-06-22T09:24:34.444Z", "user": 1, "content_type": 14, "object_id": "17", "object_repr": "Training Legging", "action_flag": 2, "change_message": "[{\"changed\": {\"fields\": [\"Description\"]}}]"}}, {"model": "admin.logentry", "pk": 121, "fields": {"action_time": "2021-06-22T09:25:21.207Z", "user": 1, "content_type": 14, "object_id": "18", "object_repr": "Printed Legging", "action_flag": 2, "change_message": "[{\"changed\": {\"fields\": [\"Description\"]}}]"}}, {"model": "admin.logentry", "pk": 122, "fields": {"action_time": "2021-06-22T09:26:30.180Z", "user": 1, "content_type": 14, "object_id": "19", "object_repr": "Black Jogger", "action_flag": 2, "change_message": "[{\"changed\": {\"fields\": [\"Description\"]}}]"}}, {"model": "admin.logentry", "pk": 123, "fields": {"action_time": "2021-06-22T09:27:30.367Z", "user": 1, "content_type": 14, "object_id": "20", "object_repr": "Gym Bag", "action_flag": 2, "change_message": "[{\"changed\": {\"fields\": [\"Description\"]}}]"}}, {"model": "admin.logentry", "pk": 124, "fields": {"action_time": "2021-06-22T09:28:28.592Z", "user": 1, "content_type": 14, "object_id": "21", "object_repr": "Hand Bag", "action_flag": 2, "change_message": "[{\"changed\": {\"fields\": [\"Description\"]}}]"}}, {"model": "admin.logentry", "pk": 125, "fields": {"action_time": "2021-06-22T09:29:54.076Z", "user": 1, "content_type": 14, "object_id": "22", "object_repr": "Cotton Mask", "action_flag": 2, "change_message": "[{\"changed\": {\"fields\": [\"Description\"]}}]"}}, {"model": "admin.logentry", "pk": 126, "fields": {"action_time": "2021-06-22T09:30:35.890Z", "user": 1, "content_type": 14, "object_id": "23", "object_repr": "Disposal Mask", "action_flag": 2, "change_message": "[{\"changed\": {\"fields\": [\"Description\"]}}]"}}, {"model": "admin.logentry", "pk": 127, "fields": {"action_time": "2021-06-22T09:39:29.916Z", "user": 1, "content_type": 14, "object_id": "24", "object_repr": "Water Bottle Black", "action_flag": 2, "change_message": "[{\"changed\": {\"fields\": [\"Description\"]}}]"}}, {"model": "admin.logentry", "pk": 128, "fields": {"action_time": "2021-06-22T09:39:50.370Z", "user": 1, "content_type": 14, "object_id": "25", "object_repr": "Water Bottle Orange", "action_flag": 2, "change_message": "[{\"changed\": {\"fields\": [\"Description\"]}}]"}}, {"model": "admin.logentry", "pk": 129, "fields": {"action_time": "2021-06-22T09:40:34.417Z", "user": 1, "content_type": 14, "object_id": "27", "object_repr": "Cap Women", "action_flag": 2, "change_message": "[{\"changed\": {\"fields\": [\"Description\"]}}]"}}, {"model": "admin.logentry", "pk": 130, "fields": {"action_time": "2021-06-22T09:40:51.058Z", "user": 1, "content_type": 14, "object_id": "26", "object_repr": "Cap Men", "action_flag": 2, "change_message": "[{\"changed\": {\"fields\": [\"Description\"]}}]"}}, {"model": "admin.logentry", "pk": 131, "fields": {"action_time": "2021-06-22T09:42:01.838Z", "user": 1, "content_type": 14, "object_id": "28", "object_repr": "Exercise Band Purple", "action_flag": 2, "change_message": "[{\"changed\": {\"fields\": [\"Description\"]}}]"}}, {"model": "admin.logentry", "pk": 132, "fields": {"action_time": "2021-06-22T09:42:18.700Z", "user": 1, "content_type": 14, "object_id": "29", "object_repr": "Exercise Band Long", "action_flag": 2, "change_message": "[{\"changed\": {\"fields\": [\"Description\"]}}]"}}, {"model": "admin.logentry", "pk": 133, "fields": {"action_time": "2021-06-22T09:46:28.875Z", "user": 1, "content_type": 14, "object_id": "15", "object_repr": "Printed Top", "action_flag": 2, "change_message": "[{\"changed\": {\"fields\": [\"Description\"]}}]"}}, {"model": "auth.user", "pk": 1, "fields": {"password": "pbkdf2_sha256$260000$3GWJUhkW03v4p5p5TP2Qbi$tK7HLhYFORW5PjHXk6xyNIBny2aJrX22Wm9gJ1dzYCE=", "last_login": "2021-06-22T08:57:34.048Z", "is_superuser": true, "username": "rubysrivastava", "first_name": "", "last_name": "", "email": "ruby.srivas1984@gmail.com", "is_staff": true, "is_active": true, "date_joined": "2021-05-31T15:15:40.067Z", "groups": [], "user_permissions": []}}, {"model": "auth.user", "pk": 2, "fields": {"password": "pbkdf2_sha256$260000$ajp8lzExenpygeXZro2G2c$BX7evIYPLXF5nPtBS03UB2LpSSkHZ/xVDCSBYpOmqxs=", "last_login": "2021-06-20T15:36:58.083Z", "is_superuser": false, "username": "abcsriv", "first_name": "", "last_name": "", "email": "abc@gmail.com", "is_staff": false, "is_active": true, "date_joined": "2021-06-14T09:46:42.894Z", "groups": [], "user_permissions": []}}, {"model": "auth.user", "pk": 3, "fields": {"password": "pbkdf2_sha256$260000$8u5cMZGBhGaKPbbCvnTExy$5EcTvPe+IuEAAHcOahibN4tRWTTgLgcD6jGQ4pFjTYI=", "last_login": null, "is_superuser": false, "username": "lkml", "first_name": "", "last_name": "", "email": "lkm1234@mail.com", "is_staff": false, "is_active": true, "date_joined": "2021-06-17T09:56:26.059Z", "groups": [], "user_permissions": []}}, {"model": "sessions.session", "pk": "65z0krox72ka1joniv60cv7jf963atrl", "fields": {"session_data": ".eJylkLFugzAQhl_FutlCNmBCGbtn6lSFyDrbBzilOMK4ahTl3etUGdqhU9f_v-_T3V1BY9omnSKt2jvoQAL_mRm0b7TcC3fCZQyFDcu2elPcR4pHG4t9cDQ_P2Z_CSaMU6ZtidQg1VLWu1JIIZWpUVbKDerJDM5Udds0tcBdpaq2UoOoG6cEWtkOwqD8lkaK0YdF0-fZrxfoBIeIH6T9MgTotjURB4MjdFeoWujkLTPvmcGRYl7hcOhB61PMhkfaA2eCs1Jx1sNLsjbHQ5rnC8vX0EaOley8BpfsFosejpz9qRB3xWtIDFdi5Pzml5Ht86-m-fIv8gi3Lz6iiYk:1lsu7x:hOaIpbJD0bljoVJPyk8ld9GhwLcNjgiZ7LjavDCgx2U", "expire_date": "2021-06-28T21:28:13.197Z"}}, {"model": "sessions.session", "pk": "7ugesbpc4xfo63ca5iigpq013w61sk0w", "fields": {"session_data": ".eJxVjr0OgzAMhN8lM4riOAmUsXufAdn5AdoKJAIT4t0bKoZ28cn3nU_eRUfbOnRbjks3BtEKENWvx-RfcTpBeNLUz9LP07qMLM-IvGiWjznE9_3K_hUMlIdy7TVFR9EAmForUGDZEKANyd44BUbTOGcU1WixQZuUccEq8tAkxQRnKVMv2r082OpKYBGsBOB302Uexwedsz6G:1lriAU:83qAECJJGf0cLZE-R9-qKUFyNoYYbHFEp3KcoM-iRYs", "expire_date": "2021-06-25T14:29:54.496Z"}}, {"model": "sessions.session", "pk": "dnhr0orka92ejtyqylceshaoew6ddvk1", "fields": {"session_data": ".eJxVjMsOwiAURP-FtSH3lkfRnf0RcnkFYkMTgZXx321NF7qcMzPnxSyNnu1o8WlLYDeG7PLLHPlHrEdB63pgTt5vo3b-3Zx14_c9xdqLp162upyvP1WmlnePnyhqihJRzhMgoHKSUKiQ1NWl4IQ0WkugWShhhEogdVBAHk0CRxjY-wOjYDu-:1lvczF:vtDbQ_ruugoTO15yddXlCRjvRfv0SlzpZPMpE_c22_c", "expire_date": "2021-07-06T09:46:29.094Z"}}, {"model": "sessions.session", "pk": "juxrij1pt79ili8qkgnn9aqkg8g2yj6m", "fields": {"session_data": ".eJxVjDkOgzAURO_y6wj54wVCFy6CxltAQUaKTYW4eyCiSMp5M_M2GrCWcVhzeA-Tp46Ybr_Mwr1COgvM84krOLesqVTfzVXn6nGkkMrkUKYl9dfrTzUij4fH1QgGQTGrphYsWFsFltpHfbfRW6laY5RAI7VspY5CGa8FHLdRWPAptXhSt5Gkjvf9AwACP2w:1lv6FN:YU6en6zLVxFvZNQUZlxl1O-pUJLu5DRWlG4ffYAVjrQ", "expire_date": "2021-07-04T22:48:57.438Z"}}, {"model": "sessions.session", "pk": "m5s38cwczgw6mf0sk729dc3yk3im1xq2", "fields": {"session_data": "e30:1lujuB:y0FuL06523b4OShWk-m8q1qOVbniGnvP48FkyBVjeu0", "expire_date": "2021-07-03T22:57:35.270Z"}}, {"model": "sessions.session", "pk": "txxos5g4cnipkfk4goly9p6lya313wwh", "fields": {"session_data": ".eJxVjMsOwiAQRf-FddMw5dHapXu_gQwwWNSAgdZojP-uNV3o9p5zz5MZXObJLJWKiZ6NDFjzu1l0Z0or8CdMx9y6nOYSbbsq7UZre8ieLvvN_QtMWKfP23VIGkkCyL7jwEFZiSCUD2png7dCDlpLjr1QYhAqcKm94uhgCNwifKOVao05GbpfY3mwkTes4o1MTCGzcS4Lvd7BBkSr:1luEeR:HUXzl--lBGpUArVfe2KY4yq59jeAwdSrlfvdYMH3Tdc", "expire_date": "2021-07-02T13:35:15.156Z"}}, {"model": "sessions.session", "pk": "xf8bp5wqkpw0z2rdiroirf64htnwojum", "fields": {"session_data": "eyJhY2NvdW50X3ZlcmlmaWVkX2VtYWlsIjpudWxsLCJhY2NvdW50X3VzZXIiOiIyIn0:1lsjEr:xabpUt47IWgz7nX3ypl464lo86wXa3yDqGk0dMvbQEs", "expire_date": "2021-06-28T09:50:37.611Z"}}, {"model": "sites.site", "pk": 1, "fields": {"domain": "fitnesswellness.example.com", "name": "Fitness Wellness"}}, {"model": "account.emailaddress", "pk": 2, "fields": {"user": 1, "email": "ruby.srivas1984@gmail.com", "verified": true, "primary": true}}, {"model": "account.emailaddress", "pk": 3, "fields": {"user": 2, "email": "abc@gmail.com", "verified": true, "primary": true}}, {"model": "account.emailaddress", "pk": 4, "fields": {"user": 3, "email": "lkm1234@mail.com", "verified": false, "primary": true}}, {"model": "home.testimonial", "pk": 1, "fields": {"name": "Sandeep", "email": "sjfhf@hkshk.com", "testimony": "Best training and trainers I have ever had in my life!. Super friendly atmosphere. Every session is different and fun. The trainers really push ,motivate and helps us to exceed our limits and achieve our goals .Fitness Wellness is not just like any other fitness facility but like a family!. Highly recommended for all the fitness lovers irrespective of what level you are in. I am definitely coming back!!!"}}, {"model": "home.testimonial", "pk": 2, "fields": {"name": "Aayushman", "email": "sdaf@fsga.com", "testimony": "Just finished 2 weeks at Fitness wellness! First impressions are hard to change but not only was the complex amazing to top it off they have some serious trainers. I knew I was in for some serious workouts when Mitch  pushed me as hard as I’d been in 5 years on the first day. Always with a smile but more importantly an awareness of my abilities Mitch and team are the reason I am coming back to train again. Want to push yourself with great people then this is the place."}}, {"model": "home.testimonial", "pk": 3, "fields": {"name": "Abhigyan", "email": "asds@sbhd.com", "testimony": "I  feel great, I have lost 4  kg in just 5 months at the gym. I go to the gym and do my own workouts 3 times a week and do 3 classes a week. I feel more confident as a person but most importantly to me I feel healthier and fitter, along side with a great eating plan I seem to be achieving weight loss I never ever thought I would. I have battled with my weight my entire life & never seem to lose the weight. I would always lose and little then pile it back on, but I really feel this time is different and I am so happy and proud of how far I have come. I still have a long way to go but I am definitely getting closer."}}, {"model": "home.testimonial", "pk": 4, "fields": {"name": "Sandy", "email": "sdad@sghdg.com", "testimony": "I would definitely recommend  Fitness Wellness and of course Personal Training. There's so many things I've learnt about myself and my training and it really has been a lifestyle change."}}, {"model": "products.category", "pk": 3, "fields": {"name": "training", "friendly_name": "Training"}}, {"model": "products.category", "pk": 4, "fields": {"name": "offer", "friendly_name": "Offer Program"}}, {"model": "products.category", "pk": 5, "fields": {"name": "loyal_program", "friendly_name": "Loyal Program"}}, {"model": "products.category", "pk": 6, "fields": {"name": "general_program", "friendly_name": "General Program"}}, {"model": "products.category", "pk": 7, "fields": {"name": "apparel", "friendly_name": "Apparel"}}, {"model": "products.category", "pk": 8, "fields": {"name": "accessories", "friendly_name": "Accessories"}}, {"model": "products.category", "pk": 9, "fields": {"name": "nutrition_product", "friendly_name": "Nutrition Products"}}, {"model": "products.product", "pk": 1, "fields": {"category": 6, "sku": "fw7005000011", "name": "Monthly", "description": "Our gyms are equipped with the very latest tools and machines to help you in your training. We want you to achieve results that can stimulate continuous exercise and good health! So try for one month and carry on for years.", "has_sizes": false, "price": "299.00", "rating": "4.90", "image_url": "http://monthly.jpg", "image": "monthly.jpg"}}, {"model": "products.product", "pk": 2, "fields": {"category": 6, "sku": "fw7005000012", "name": "Yearly", "description": "Our gyms are equipped with the very latest tools and machines to help you in your training. We want you to achieve results that can stimulate continuous exercise and good health! So try for one year and carry on for years.", "has_sizes": false, "price": "1499.00", "rating": "4.50", "image_url": "http://yearly.jpg", "image": "yearly.jpg"}}, {"model": "products.product", "pk": 3, "fields": {"category": 5, "sku": "fw7005000016", "name": "Blue", "description": "This is where it all begins. When you become a member with us, you \r\nautomatically become a BLUE member, but if you stay for a while, you will soon\r\nget new colors and benefits. The first benefit is that you can bring a friend to the gym\r\n once a year - completely free!", "has_sizes": false, "price": "3499.00", "rating": "4.90", "image_url": "http://blue.jpg", "image": "blue.jpg"}}, {"model": "products.product", "pk": 4, "fields": {"category": 5, "sku": "fw7005000014", "name": "Gold", "description": "Get 1 month free. This offer only applies to new\r\nmembers, ie people who have not been members of\r\nFitness Wellness in the last 12 months. The membership\r\nreturns after 12 months at the regular price (SEK 229 / \r\nmonth).", "has_sizes": false, "price": "5499.00", "rating": "4.50", "image_url": "http://gold.jpg", "image": "gold.jpg"}}, {"model": "products.product", "pk": 5, "fields": {"category": 5, "sku": "fw7005000015", "name": "Black", "description": "Get 1 month free / member you recruit. This offer only\r\napplies to new members, ie people who have not been\r\nmembers of Fitness24Seven in the past 12 months. \r\nThe membership returns after 12 months at the regular \r\nprice (SEK 229 / month).", "has_sizes": false, "price": "8999.00", "rating": "4.80", "image_url": "http://black.jpg", "image": "black.jpg"}}, {"model": "products.product", "pk": 6, "fields": {"category": 4, "sku": "fw7005000018", "name": "Weekly Offer", "description": "Due to increased demand, we are currently offering unlimited trial training weeks for SEK 99 / week. \r\nYou can take part in this at the nearest gym during staffed hours.", "has_sizes": false, "price": "99.00", "rating": "4.90", "image_url": "http://weeklyoffer.jpg", "image": "weekly_offer.jpg"}}, {"model": "products.product", "pk": 7, "fields": {"category": 6, "sku": "fw7005000013", "name": "Silver", "description": "Our gyms are equipped with the very latest tools and machines to help you in your training. We want you to achieve results that can stimulate continuous exercise and good health! So extend your membership and become one of our loyal member.", "has_sizes": false, "price": "1999.00", "rating": "4.30", "image_url": "http://silver.jpg", "image": "silver.jpg"}}, {"model": "products.product", "pk": 8, "fields": {"category": 4, "sku": "fw7005000017", "name": "Train out in August", "description": "ALLINCLUSIVE. No lock-in period or start-up fee.\r\nThe offer is valid when you sign up for a current subscription (2 months notice).\r\nYou save up to: SEK 625. The offer is valid until June 30.", "has_sizes": false, "price": "399.00", "rating": "4.20", "image_url": "http://augustoffer.jpg", "image": "august_offer.jpg"}}, {"model": "products.product", "pk": 9, "fields": {"category": 3, "sku": "fw7005000019", "name": "Personal", "description": "In our gym you can book your personal trainer who will give you personal attension in whole session and help you in exercise.", "has_sizes": false, "price": "690.00", "rating": "4.90", "image_url": "http://personaltraining.jpg", "image": "personal_training.jpg"}}, {"model": "products.product", "pk": 10, "fields": {"category": 3, "sku": "fw7005000020", "name": "Group", "description": "Some people loose intersest in gym very easily. They need some motivation to continue. So they prefer to do in groups. Our gym provides group training in which you do gym with other gym members and motivate each other.", "has_sizes": false, "price": "349.00", "rating": "4.80", "image_url": "http://grouptraining.jpg", "image": "group_training.jpg"}}, {"model": "products.product", "pk": 11, "fields": {"category": 3, "sku": "fw7005000021", "name": "Online", "description": "Everyone is different and we want to offer online training that suits everyone, regardless of who you are and what your goals are, member or non-member. We have put together a number of different exercises and sessions with different orientations -choose yourself if you want to focus on one session or if you want to combine several in a row.", "has_sizes": false, "price": "299.00", "rating": "3.80", "image_url": "http://onlinetraining.jpg", "image": "online-training.jpg"}}, {"model": "products.product", "pk": 12, "fields": {"category": 7, "sku": "fw7005000022", "name": "T-Shirt", "description": "The color DK. WHITE / DETROIT: 60% sustainably produced cotton and 40% polyester", "has_sizes": true, "price": "249.00", "rating": "4.20", "image_url": "http://item1.jpg", "image": "item1.jpg"}}, {"model": "products.product", "pk": 13, "fields": {"category": 7, "sku": "fw7005000023", "name": "Top", "description": "Women's sizes\r\n65% polyester and 35% viscose", "has_sizes": true, "price": "149.00", "rating": "4.90", "image_url": "http://item2.jpg", "image": "item2.jpg"}}, {"model": "products.product", "pk": 14, "fields": {"category": 7, "sku": "fw7005000024", "name": "Orange Top", "description": "Orange Top\r\nWomen's sizes\r\n100% cotton", "has_sizes": true, "price": "99.00", "rating": "3.80", "image_url": "http://item3.jpg", "image": "item3.jpg"}}, {"model": "products.product", "pk": 15, "fields": {"category": 7, "sku": "fw7005000025", "name": "Printed Top", "description": "Printed Purple Top\r\nWomen's sizes\r\n100% cotton", "has_sizes": true, "price": "99.00", "rating": "4.20", "image_url": "http://item4.jpg", "image": "item4.jpg"}}, {"model": "products.product", "pk": 16, "fields": {"category": 7, "sku": "fw7005000026", "name": "Training Top", "description": "Wrestler's back that provides good mobility\r\nVentilating mesh in the back\r\nMoisture transporting TCS Airflow function\r\n93% polyamide and 7% elastane", "has_sizes": true, "price": "249.00", "rating": "4.95", "image_url": "http://item5.jpg", "image": "item5.jpg"}}, {"model": "products.product", "pk": 17, "fields": {"category": 7, "sku": "fw7005000027", "name": "Training Legging", "description": "These fantastic Sculpture tights give a feeling of holding, shaping and sculpting the body. The high-tech fabric has a unique flexibility and excellent breathability. The seams are strategically placed and tape along the legs emphasizes your body shape.", "has_sizes": true, "price": "299.00", "rating": "4.90", "image_url": "http://item6.jpg", "image": "item6.jpg"}}, {"model": "products.product", "pk": 18, "fields": {"category": 7, "sku": "fw7005000028", "name": "Printed Legging", "description": "Invest in playful patterns. We have designed our technical tights in visible patterns, perfect for upgrading your everyday look. They are designed in recycled fabric with stretch and you will definitely want a pair in each variant.", "has_sizes": true, "price": "240.00", "rating": "4.70", "image_url": "http://item7.jpg", "image": "item7.jpg"}}, {"model": "products.product", "pk": 19, "fields": {"category": 7, "sku": "fw7005000029", "name": "Black Jogger", "description": "Style with softness. We have designed these joggers in a Tencel ™ seamless knitted, ribbed material that is the perfect balance between structure and softness. Real comfort!", "has_sizes": true, "price": "280.00", "rating": "4.90", "image_url": "http://item8.jpg", "image": "item8.jpg"}}, {"model": "products.product", "pk": 20, "fields": {"category": 8, "sku": "fw7005000030", "name": "Gym Bag", "description": "Colored with energy-saving technology\r\nDurable polyester", "has_sizes": false, "price": "199.00", "rating": "4.20", "image_url": "http://item9.jpg", "image": "item9.jpg"}}, {"model": "products.product", "pk": 21, "fields": {"category": 8, "sku": "fw7005000031", "name": "Hand Bag", "description": "Reinforced bottom\r\n100% recycled polyester", "has_sizes": false, "price": "149.00", "rating": "3.80", "image_url": "http://item10.jpg", "image": "item10.jpg"}}, {"model": "products.product", "pk": 22, "fields": {"category": 8, "sku": "fw7005000032", "name": "Cotton Mask", "description": "Different color mask\r\nSoft and easy to breath\r\n100% cotton", "has_sizes": false, "price": "49.00", "rating": "4.80", "image_url": "http://item11.jpg", "image": "item11.jpg"}}, {"model": "products.product", "pk": 23, "fields": {"category": 8, "sku": "fw7005000033", "name": "Disposal Mask", "description": "Disposal Mask\r\nSoft and easy to breath", "has_sizes": false, "price": "12.00", "rating": "4.90", "image_url": "http://item12.jpg", "image": "item12.jpg"}}, {"model": "products.product", "pk": 24, "fields": {"category": 8, "sku": "fw7005000034", "name": "Water Bottle Black", "description": "Stainless steel\r\nCork in stainless steel that does not leak\r\nOpening large enough for ice cubes\r\nBPA-free", "has_sizes": false, "price": "99.00", "rating": "4.90", "image_url": "http://item13.jpg", "image": "item13.jpg"}}, {"model": "products.product", "pk": 25, "fields": {"category": 8, "sku": "fw7005000035", "name": "Water Bottle Orange", "description": "Stainless steel\r\nCork in stainless steel that does not leak\r\nOpening large enough for ice cubes\r\nBPA-free", "has_sizes": false, "price": "99.00", "rating": "4.89", "image_url": "http://item14.jpg", "image": "item14.jpg"}}, {"model": "products.product", "pk": 26, "fields": {"category": 8, "sku": "fw7005000037", "name": "Cap Men", "description": "Higher crown\r\nStretchy material\r\nAdjustable rear snapback buckle\r\n97% polyester and 3% elastane", "has_sizes": false, "price": "99.00", "rating": "4.90", "image_url": "http://item16.jpg", "image": "item16.jpg"}}, {"model": "products.product", "pk": 27, "fields": {"category": 8, "sku": "fw7005000036", "name": "Cap Women", "description": "Higher crown\r\nStretchy material\r\nAdjustable rear snapback buckle\r\n97% polyester and 3% elastane", "has_sizes": false, "price": "99.00", "rating": "4.90", "image_url": "http://item15.jjpg", "image": "item15.jpg"}}, {"model": "products.product", "pk": 28, "fields": {"category": 8, "sku": "fw7005000038", "name": "Exercise Band Purple", "description": "Versatile and easy-to-use training tool that you can easily pack in your bag. The tool is well suited for strength training and for stretching exercises.", "has_sizes": false, "price": "69.00", "rating": "4.20", "image_url": "http://item17.jpg", "image": "item17.jpg"}}, {"model": "products.product", "pk": 29, "fields": {"category": 8, "sku": "fw7005000039", "name": "Exercise Band Long", "description": "Versatile and easy-to-use training tool that you can easily pack in your bag. The tool is well suited for strength training and for stretching exercises.", "has_sizes": false, "price": "149.00", "rating": "4.90", "image_url": "http://item18.jpg", "image": "item18.jpg"}}, {"model": "products.product", "pk": 30, "fields": {"category": 9, "sku": "fw7005000040", "name": "Daily Essential Shake", "description": "Daily Essential Shake Strawberry Flavour", "has_sizes": false, "price": "89.00", "rating": "4.60", "image_url": "http://item21.jpg", "image": "item21.jpg"}}, {"model": "products.product", "pk": 31, "fields": {"category": 9, "sku": "fw7005000041", "name": "Cinnamon Toast", "description": "Cinnamon Toast A Meal Replacement", "has_sizes": false, "price": "65.00", "rating": "4.80", "image_url": "http://item22.jpg", "image": "item22.jpg"}}, {"model": "products.product", "pk": 32, "fields": {"category": 9, "sku": "fw7005000042", "name": "Huel", "description": "Huel A complete food", "has_sizes": false, "price": "129.00", "rating": "3.50", "image_url": "http://item23.jpg", "image": "item23.jpg"}}, {"model": "products.product", "pk": 33, "fields": {"category": 9, "sku": "fw7005000043", "name": "Blueberry Cobbler", "description": "No cow protien bar", "has_sizes": false, "price": "86.00", "rating": "2.80", "image_url": "http://item24.jpg", "image": "item24.jpg"}}, {"model": "products.product", "pk": 34, "fields": {"category": 9, "sku": "fw7005000044", "name": "Organic Crave", "description": "Lentil Chips", "has_sizes": false, "price": "12.00", "rating": "4.10", "image_url": "http://item25.jpg", "image": "item25.jpg"}}, {"model": "products.product", "pk": 35, "fields": {"category": 9, "sku": "fw7005000045", "name": "Protien Water", "description": "Blueberry flavour", "has_sizes": false, "price": "15.00", "rating": "4.30", "image_url": "http://item26.jpg", "image": "item26.jpg"}}, {"model": "products.product", "pk": 36, "fields": {"category": 9, "sku": "fw7005000046", "name": "Organic Rice Protien", "description": "Organic Rice Protien", "has_sizes": false, "price": "78.00", "rating": "4.70", "image_url": "http://item27.jpg", "image": "item27.jpg"}}, {"model": "subscribe.subscribe", "pk": 2, "fields": {"email": "abc@gmail.com"}}, {"model": "subscribe.subscribe", "pk": 3, "fields": {"email": "xyz@gmail.com"}}, {"model": "subscribe.subscribe", "pk": 4, "fields": {"email": "womiw42953@itwbuy.com"}}, {"model": "subscribe.subscribe", "pk": 5, "fields": {"email": "test@test.com"}}, {"model": "subscribe.subscribe", "pk": 6, "fields": {"email": "ruby.srivas1984@gmail.com"}}, {"model": "subscribe.subscribe", "pk": 7, "fields": {"email": "sandy_sriv@rediffmail.com"}}, {"model": "subscribe.subscribe", "pk": 8, "fields": {"email": "aayushmansriv@gmail.com"}}, {"model": "subscribe.subscribe", "pk": 9, "fields": {"email": "qwedrdrhdrgsg@fhj.com"}}, {"model": "subscribe.subscribe", "pk": 10, "fields": {"email": "jhkkl@chb.com"}}, {"model": "subscribe.subscribe", "pk": 11, "fields": {"email": "hfudihgj@sdjfgsh.com"}}, {"model": "subscribe.subscribe", "pk": 12, "fields": {"email": "abhi@a1234.com"}}, {"model": "subscribe.subscribe", "pk": 13, "fields": {"email": "zdbfxgnc@ghbkj.com"}}, {"model": "subscribe.subscribe", "pk": 14, "fields": {"email": "dgfhdg@lkjmhn.com"}}, {"model": "subscribe.subscribe", "pk": 15, "fields": {"email": "klj@kghj.com"}}, {"model": "subscribe.subscribe", "pk": 16, "fields": {"email": "kljlllkl@hjdhjfkh.com"}}, {"model": "subscribe.subscribe", "pk": 17, "fields": {"email": "oippp@gmail.com"}}, {"model": "subscribe.subscribe", "pk": 18, "fields": {"email": "qwe@fhj.com"}}, {"model": "subscribe.subscribe", "pk": 19, "fields": {"email": "tuyiuytiu@hdjfh.com"}}, {"model": "subscribe.subscribe", "pk": 20, "fields": {"email": "gd@hdjfh.com"}}, {"model": "subscribe.subscribe", "pk": 21, "fields": {"email": "poioi@opo.com"}}, {"model": "checkout.order", "pk": 1, "fields": {"order_number": "3F898EEC34994D6DAF573C5E7391DCA5", "user_profile": null, "full_name": "Ruby Srivastava", "email": "ruby.srivas1984@gmail.com", "phone_number": "+46734787008", "country": "Sweden", "postcode": "43146", "town_or_city": "Möndal", "street_address1": "Vetekornsgatan 35", "street_address2": null, "county": "se", "date": "2021-06-13T17:20:09.408Z", "delivery_cost": "0.00", "order_total": "149.00", "grand_total": "149.00", "original_bag": "", "stripe_pid": ""}}, {"model": "checkout.order", "pk": 2, "fields": {"order_number": "CC4289AEC9194323BD7F0A08E5FBC884", "user_profile": null, "full_name": "Ruby Srivastava", "email": "ruby.srivas1984@gmail.com", "phone_number": "+46734787008", "country": "Sweden", "postcode": "43146", "town_or_city": "Möndal", "street_address1": "Vetekornsgatan 35", "street_address2": null, "county": "se", "date": "2021-06-13T17:21:38.310Z", "delivery_cost": "0.00", "order_total": "0.00", "grand_total": "0.00", "original_bag": "", "stripe_pid": ""}}, {"model": "checkout.order", "pk": 4, "fields": {"order_number": "2AE91480B11A43E8B7474D1045379B50", "user_profile": null, "full_name": "Ruby Srivastava", "email": "ruby.srivas1984@gmail.com", "phone_number": "+46734787008", "country": "Sweden", "postcode": "43146", "town_or_city": "Möndal", "street_address1": "Vetekornsgatan 35", "street_address2": null, "county": "se", "date": "2021-06-13T17:58:23.139Z", "delivery_cost": "0.00", "order_total": "299.00", "grand_total": "299.00", "original_bag": "", "stripe_pid": ""}}, {"model": "checkout.order", "pk": 5, "fields": {"order_number": "0D08ECD983954CB3A1A035E922D3B60A", "user_profile": null, "full_name": "Ruby Srivastava", "email": "ruby.srivas1984@gmail.com", "phone_number": "+46734787008", "country": "Sweden", "postcode": "43146", "town_or_city": "Möndal", "street_address1": "Vetekornsgatan 35", "street_address2": null, "county": "se", "date": "2021-06-13T17:59:26.692Z", "delivery_cost": "0.00", "order_total": "1499.00", "grand_total": "1499.00", "original_bag": "", "stripe_pid": ""}}, {"model": "checkout.order", "pk": 6, "fields": {"order_number": "A3E9ADAB9186438CADA6FFF1E525DC9D", "user_profile": null, "full_name": "Ruby Srivastava", "email": "ruby.srivas1984@gmail.com", "phone_number": "+46734787008", "country": "SE", "postcode": "43146", "town_or_city": "Möndal", "street_address1": "Vetekornsgatan 35", "street_address2": null, "county": "se", "date": "2021-06-13T21:17:59.959Z", "delivery_cost": "0.00", "order_total": "65.00", "grand_total": "65.00", "original_bag": "", "stripe_pid": ""}}, {"model": "checkout.order", "pk": 7, "fields": {"order_number": "40FE2A9E5F2E493D9DE9BB2A15B628A6", "user_profile": null, "full_name": "Ruby Srivastava", "email": "ruby.srivas1984@gmail.com", "phone_number": "+46734787008", "country": "SE", "postcode": "43146", "town_or_city": "Möndal", "street_address1": "Vetekornsgatan 35", "street_address2": null, "county": "se", "date": "2021-06-13T21:23:55.816Z", "delivery_cost": "0.00", "order_total": "5499.00", "grand_total": "5499.00", "original_bag": "", "stripe_pid": ""}}, {"model": "checkout.order", "pk": 8, "fields": {"order_number": "9B910C806F334CCC841221DB96B1C8EA", "user_profile": null, "full_name": "Ruby Srivastava", "email": "ruby.srivas1984@gmail.com", "phone_number": "+46734787008", "country": "SE", "postcode": "43146", "town_or_city": "Möndal", "street_address1": "Vetekornsgatan 35", "street_address2": null, "county": "se", "date": "2021-06-13T21:30:59.831Z", "delivery_cost": "0.00", "order_total": "3499.00", "grand_total": "3499.00", "original_bag": "", "stripe_pid": ""}}, {"model": "checkout.order", "pk": 9, "fields": {"order_number": "1ACCE0EC410A4E05A44BAEE4B8265771", "user_profile": null, "full_name": "Ruby Srivastava", "email": "ruby.srivas1984@gmail.com", "phone_number": "+46734787008", "country": "SE", "postcode": "43146", "town_or_city": "Möndal", "street_address1": "Vetekornsgatan 35", "street_address2": null, "county": "se", "date": "2021-06-13T22:05:39.735Z", "delivery_cost": "0.00", "order_total": "149.00", "grand_total": "149.00", "original_bag": "{\"21\": 1}", "stripe_pid": "pi_1J21PwGTxIYfFpEQ6mbWK72I"}}, {"model": "checkout.order", "pk": 10, "fields": {"order_number": "B6ED63F8E3D540FBB4C5261228ADF7C8", "user_profile": null, "full_name": "Ruby Srivastava", "email": "ruby.srivas1984@gmail.com", "phone_number": "+46734787008", "country": "SE", "postcode": "43146", "town_or_city": "Möndal", "street_address1": "Vetekornsgatan 35", "street_address2": null, "county": "se", "date": "2021-06-13T22:13:47.970Z", "delivery_cost": "0.00", "order_total": "690.00", "grand_total": "690.00", "original_bag": "{\"9\": 1}", "stripe_pid": "pi_1J21YVGTxIYfFpEQ4d3TdtlG"}}, {"model": "checkout.order", "pk": 11, "fields": {"order_number": "77EF3EF4CC2B4F4DB7C42A1E4FA4CBA1", "user_profile": null, "full_name": "Ruby Srivastava", "email": "ruby.srivas1984@gmail.com", "phone_number": "+46734787008", "country": "SE", "postcode": "43146", "town_or_city": "Möndal", "street_address1": "Vetekornsgatan 35", "street_address2": null, "county": "se", "date": "2021-06-13T22:16:24.409Z", "delivery_cost": "0.00", "order_total": "1999.00", "grand_total": "1999.00", "original_bag": "{\"7\": 1}", "stripe_pid": "pi_1J21b2GTxIYfFpEQo3s1YKau"}}, {"model": "checkout.order", "pk": 12, "fields": {"order_number": "D3E2C021AAE342A18D9233CA3CAA6CB2", "user_profile": null, "full_name": "Ruby Srivastava", "email": "ruby.srivas1984@gmail.com", "phone_number": "+46734787008", "country": "SE", "postcode": "43146", "town_or_city": "Möndal", "street_address1": "Vetekornsgatan 35", "street_address2": null, "county": "se", "date": "2021-06-13T22:18:17.962Z", "delivery_cost": "0.00", "order_total": "299.00", "grand_total": "299.00", "original_bag": "{\"1\": 1}", "stripe_pid": "pi_1J21cqGTxIYfFpEQSC90Jd4p"}}, {"model": "checkout.order", "pk": 13, "fields": {"order_number": "C9F1AF9CF5EC4AABBE11BADFC4448BE9", "user_profile": null, "full_name": "Ruby Srivastava", "email": "ruby.srivas1984@gmail.com", "phone_number": "+46734787008", "country": "SE", "postcode": "43146", "town_or_city": "Möndal", "street_address1": "Vetekornsgatan 35", "street_address2": null, "county": "se", "date": "2021-06-13T22:20:50.350Z", "delivery_cost": "0.00", "order_total": "299.00", "grand_total": "299.00", "original_bag": "{\"11\": 1}", "stripe_pid": "pi_1J21fFGTxIYfFpEQibVz48UT"}}, {"model": "checkout.order", "pk": 14, "fields": {"order_number": "77960908E2F644FE9B4F26388F893677", "user_profile": null, "full_name": "Ruby Srivastava", "email": "ruby.srivas1984@gmail.com", "phone_number": "+46734787008", "country": "SE", "postcode": "43146", "town_or_city": "Möndal", "street_address1": "Vetekornsgatan 35", "street_address2": null, "county": "se", "date": "2021-06-13T22:21:39.108Z", "delivery_cost": "0.00", "order_total": "299.00", "grand_total": "299.00", "original_bag": "{\"11\": 1}", "stripe_pid": "pi_1J21fuGTxIYfFpEQcS8AQegN"}}, {"model": "checkout.order", "pk": 15, "fields": {"order_number": "FA3C0D79A36442EAB08E60CA945F7D24", "user_profile": null, "full_name": "Ruby Srivastava", "email": "ruby.srivas1984@gmail.com", "phone_number": "+46734787008", "country": "SE", "postcode": "43146", "town_or_city": "Möndal", "street_address1": "Vetekornsgatan 35", "street_address2": null, "county": "se", "date": "2021-06-13T22:23:20.958Z", "delivery_cost": "0.00", "order_total": "299.00", "grand_total": "299.00", "original_bag": "{\"11\": 1}", "stripe_pid": "pi_1J21hdGTxIYfFpEQxDzkloZP"}}, {"model": "checkout.order", "pk": 16, "fields": {"order_number": "1CA26009D8F348B3A0DF6A2ACE912BAB", "user_profile": 2, "full_name": "Ruby Srivastava", "email": "ruby.srivas1984@gmail.com", "phone_number": "+46734787008", "country": "SE", "postcode": "43146", "town_or_city": "Möndal", "street_address1": "Vetekornsgatan 35", "street_address2": null, "county": "se", "date": "2021-06-14T12:09:54.006Z", "delivery_cost": "0.00", "order_total": "129.00", "grand_total": "129.00", "original_bag": "{\"32\": 1}", "stripe_pid": "pi_1J2EbIGTxIYfFpEQzg3zGOHk"}}, {"model": "checkout.order", "pk": 17, "fields": {"order_number": "97CAD61D520942DCA6992D96BB26035B", "user_profile": 2, "full_name": "abc", "email": "abc@gmail.com", "phone_number": "+46734787008", "country": "SE", "postcode": "43146", "town_or_city": "Möndal", "street_address1": "Vetekornsgatan 35", "street_address2": null, "county": "se", "date": "2021-06-14T12:26:42.669Z", "delivery_cost": "0.00", "order_total": "89.00", "grand_total": "89.00", "original_bag": "{\"30\": 1}", "stripe_pid": "pi_1J2ErjGTxIYfFpEQhOHN47O0"}}, {"model": "checkout.order", "pk": 18, "fields": {"order_number": "671D7E551BEC49428DD72A9FD6F4B8D4", "user_profile": 1, "full_name": "Ruby Srivastava", "email": "ruby.srivas1984@gmail.com", "phone_number": "+46734787008", "country": "SE", "postcode": "43146", "town_or_city": "Möndal", "street_address1": "Vetekornsgatan 35", "street_address2": null, "county": "se", "date": "2021-06-14T12:30:06.120Z", "delivery_cost": "0.00", "order_total": "198.00", "grand_total": "198.00", "original_bag": "{\"14\": {\"items_by_size\": {\"m\": 2}}}", "stripe_pid": "pi_1J2EvDGTxIYfFpEQIkOoGK0Q"}}, {"model": "checkout.order", "pk": 19, "fields": {"order_number": "34D296440D5C496596877958BFD76DA6", "user_profile": 1, "full_name": "Ruby Srivastava", "email": "ruby.srivas1984@gmail.com", "phone_number": "+46734787008", "country": "SE", "postcode": "43146", "town_or_city": "Möndal", "street_address1": "Vetekornsgatan 35", "street_address2": null, "county": "se", "date": "2021-06-14T12:31:48.868Z", "delivery_cost": "0.00", "order_total": "149.00", "grand_total": "149.00", "original_bag": "{\"21\": 1}", "stripe_pid": "pi_1J2EwwGTxIYfFpEQ0C8mgMpY"}}, {"model": "checkout.order", "pk": 20, "fields": {"order_number": "14845A020F9042F89D2A4F5FE4EAAC8F", "user_profile": 1, "full_name": "Ruby Srivastava", "email": "ruby.srivas1984@gmail.com", "phone_number": "+46734787008", "country": "SE", "postcode": "43146", "town_or_city": "Möndal", "street_address1": "Vetekornsgatan 35", "street_address2": null, "county": "se", "date": "2021-06-14T12:45:24.184Z", "delivery_cost": "0.00", "order_total": "199.00", "grand_total": "199.00", "original_bag": "{\"20\": 1}", "stripe_pid": "pi_1J2FA4GTxIYfFpEQ6HDRRvt1"}}, {"model": "checkout.order", "pk": 21, "fields": {"order_number": "EAF16E17C6684B8D82F525CF79D79FF0", "user_profile": 1, "full_name": "Ruby Srivastava", "email": "ruby.srivas1984@gmail.com", "phone_number": "+46734787008", "country": "SE", "postcode": "43146", "town_or_city": "Möndal", "street_address1": "Vetekornsgatan 35", "street_address2": null, "county": "se", "date": "2021-06-14T12:51:57.619Z", "delivery_cost": "4.90", "order_total": "49.00", "grand_total": "53.90", "original_bag": "{\"22\": 1}", "stripe_pid": "pi_1J2FGTGTxIYfFpEQlrObmMVD"}}, {"model": "checkout.order", "pk": 22, "fields": {"order_number": "1D53C7F5044843E4B014825A78E1BE70", "user_profile": 1, "full_name": "Ruby Srivastava", "email": "ruby.srivas1984@gmail.com", "phone_number": "+46734787008", "country": "SE", "postcode": "43146", "town_or_city": "Möndal", "street_address1": "Vetekornsgatan 35", "street_address2": null, "county": "se", "date": "2021-06-15T21:40:50.138Z", "delivery_cost": "0.00", "order_total": "1784.00", "grand_total": "1784.00", "original_bag": "{\"31\": 2, \"10\": 2, \"8\": 1, \"11\": 1, \"32\": 2}", "stripe_pid": "pi_1J2jzmGTxIYfFpEQziXYRVEk"}}, {"model": "checkout.order", "pk": 23, "fields": {"order_number": "AF5DD5B50F50476DBABD7C6DDE7D6B7C", "user_profile": null, "full_name": "Ruby Srivastava", "email": "ruby.srivas1984@gmail.com", "phone_number": "+46734787008", "country": "SE", "postcode": "43146", "town_or_city": "Möndal", "street_address1": "Vetekornsgatan 35", "street_address2": null, "county": "se", "date": "2021-06-15T23:52:48.345Z", "delivery_cost": "0.00", "order_total": "129.00", "grand_total": "129.00", "original_bag": "{\"32\": 1}", "stripe_pid": "pi_1J2m3NGTxIYfFpEQ55NinSqp"}}, {"model": "checkout.order", "pk": 24, "fields": {"order_number": "263249858FD347D985A27D2E01975836", "user_profile": 1, "full_name": "Ruby Srivastava", "email": "ruby.srivas1984@gmail.com", "phone_number": "+46734787008", "country": "SE", "postcode": "43146", "town_or_city": "Möndal", "street_address1": "Vetekornsgatan 35", "street_address2": null, "county": "se", "date": "2021-06-15T23:58:06.462Z", "delivery_cost": "0.00", "order_total": "199.00", "grand_total": "199.00", "original_bag": "{\"20\": 1}", "stripe_pid": "pi_1J2m8XGTxIYfFpEQYys0Soht"}}, {"model": "checkout.order", "pk": 25, "fields": {"order_number": "5E1351DE2DC94BA2B1468390076A7FF3", "user_profile": null, "full_name": "abcsriv", "email": "abc@gmail.com", "phone_number": "+46734787008", "country": "SE", "postcode": "43146", "town_or_city": "Möndal", "street_address1": "Vetekornsgatan 35", "street_address2": null, "county": "se", "date": "2021-06-16T00:04:56.528Z", "delivery_cost": "0.00", "order_total": "99.00", "grand_total": "99.00", "original_bag": "{\"14\": {\"items_by_size\": {\"m\": 1}}}", "stripe_pid": "pi_1J2mDjGTxIYfFpEQG6Dej69w"}}, {"model": "checkout.order", "pk": 26, "fields": {"order_number": "105E8A92C5984F7A88F38B4301896DE8", "user_profile": 2, "full_name": "abcsriv", "email": "abc@gmail.com", "phone_number": "+46734787008", "country": "SE", "postcode": "43146", "town_or_city": "Möndal", "street_address1": "Vetekornsgatan 35", "street_address2": null, "county": "se", "date": "2021-06-16T00:07:14.935Z", "delivery_cost": "0.00", "order_total": "149.00", "grand_total": "149.00", "original_bag": "{\"21\": 1}", "stripe_pid": "pi_1J2mHOGTxIYfFpEQvqYsZPO9"}}, {"model": "checkout.order", "pk": 27, "fields": {"order_number": "204629BCBE4D4DE89FC3F5BE4A60B4B3", "user_profile": 2, "full_name": "abcsriv", "email": "abc@gmail.com", "phone_number": "+46734787008", "country": "SE", "postcode": "43146", "town_or_city": "Möndal", "street_address1": "Vetekornsgatan 35", "street_address2": null, "county": "se", "date": "2021-06-16T00:16:09.334Z", "delivery_cost": "1.20", "order_total": "12.00", "grand_total": "13.20", "original_bag": "{\"23\": 1}", "stripe_pid": "pi_1J2mQ8GTxIYfFpEQfp3OhIel"}}, {"model": "checkout.order", "pk": 28, "fields": {"order_number": "08DD202FA3024EDB8A926121027F5C57", "user_profile": 1, "full_name": "ruby", "email": "ruby.srivas1984@gmail.com", "phone_number": "+46734787008", "country": "SE", "postcode": "43146", "town_or_city": "Möndal", "street_address1": "Vetekornsgatan 35", "street_address2": null, "county": "se", "date": "2021-06-16T09:08:41.571Z", "delivery_cost": "0.00", "order_total": "299.00", "grand_total": "299.00", "original_bag": "{\"1\": 1}", "stripe_pid": "pi_1J2uj9GTxIYfFpEQQyqHfPEv"}}, {"model": "checkout.order", "pk": 29, "fields": {"order_number": "75D6C091837443A9830ECA1FA36001E6", "user_profile": 1, "full_name": "Ruby Srivastava", "email": "ruby.srivas1984@gmail.com", "phone_number": "+46734787008", "country": "SE", "postcode": "43146", "town_or_city": "Möndal", "street_address1": "Vetekornsgatan 35", "street_address2": null, "county": "se", "date": "2021-06-16T09:26:04.030Z", "delivery_cost": "0.00", "order_total": "199.00", "grand_total": "199.00", "original_bag": "{\"20\": 1}", "stripe_pid": "pi_1J2v0CGTxIYfFpEQiK8kISVg"}}, {"model": "checkout.order", "pk": 30, "fields": {"order_number": "3B369B37EE0F48E0A86B7740312AFAD7", "user_profile": 2, "full_name": "abcsriv", "email": "abc@gmail.com", "phone_number": "+46734787008", "country": "SE", "postcode": "43146", "town_or_city": "Möndal", "street_address1": "Vetekornsgatan 35", "street_address2": null, "county": "se", "date": "2021-06-16T09:27:22.696Z", "delivery_cost": "0.00", "order_total": "129.00", "grand_total": "129.00", "original_bag": "{\"32\": 1}", "stripe_pid": "pi_1J2v1PGTxIYfFpEQezWvd7PH"}}, {"model": "checkout.order", "pk": 31, "fields": {"order_number": "1F471FBEA59542BD8A909AA2C454E65C", "user_profile": null, "full_name": "Ruby Srivastava", "email": "ruby.srivas1984@gmail.com", "phone_number": "+46734787008", "country": "SE", "postcode": "43146", "town_or_city": "Möndal", "street_address1": "Vetekornsgatan 35", "street_address2": null, "county": "se", "date": "2021-06-17T17:40:45.761Z", "delivery_cost": "0.00", "order_total": "0.00", "grand_total": "0.00", "original_bag": "{\"4\": 2}", "stripe_pid": "pi_1J3PCZGTxIYfFpEQRIqZmmoc"}}, {"model": "checkout.order", "pk": 32, "fields": {"order_number": "4267FDF8C2BF44CD8F59B6338BD972BA", "user_profile": null, "full_name": "Ruby Srivastava", "email": "ruby.srivas1984@gmail.com", "phone_number": "+46734787008", "country": "SE", "postcode": "43146", "town_or_city": "Möndal", "street_address1": "Vetekornsgatan 35", "street_address2": null, "county": "se", "date": "2021-06-17T17:40:52.346Z", "delivery_cost": "0.00", "order_total": "0.00", "grand_total": "0.00", "original_bag": "{\"4\": 2}", "stripe_pid": "pi_1J3PCZGTxIYfFpEQRIqZmmoc"}}, {"model": "checkout.order", "pk": 33, "fields": {"order_number": "89FC78A429E64E8AAD3A36076C9A86C2", "user_profile": null, "full_name": "Ruby Srivastava", "email": "ruby.srivas1984@gmail.com", "phone_number": "+46734787008", "country": "SE", "postcode": "43146", "town_or_city": "Möndal", "street_address1": "Vetekornsgatan 35", "street_address2": null, "county": "se", "date": "2021-06-17T17:42:13.748Z", "delivery_cost": "0.00", "order_total": "0.00", "grand_total": "0.00", "original_bag": "{\"4\": 2}", "stripe_pid": "pi_1J3PDwGTxIYfFpEQF2JUTSb5"}}, {"model": "checkout.order", "pk": 34, "fields": {"order_number": "C1608974EC964461884936BD217B9336", "user_profile": null, "full_name": "Ruby Srivastava", "email": "ruby.srivas1984@gmail.com", "phone_number": "+46734787008", "country": "SE", "postcode": "43146", "town_or_city": "Möndal", "street_address1": "Vetekornsgatan 35", "street_address2": null, "county": "se", "date": "2021-06-17T17:43:54.898Z", "delivery_cost": "0.00", "order_total": "0.00", "grand_total": "0.00", "original_bag": "{\"4\": 2}", "stripe_pid": "pi_1J3PFeGTxIYfFpEQ4OzzrBmS"}}, {"model": "checkout.order", "pk": 35, "fields": {"order_number": "1B215613872042998A421D8B74DD4E2A", "user_profile": null, "full_name": "Ruby Srivastava", "email": "ruby.srivas1984@gmail.com", "phone_number": "+46734787008", "country": "SE", "postcode": "43146", "town_or_city": "Möndal", "street_address1": "Vetekornsgatan 35", "street_address2": null, "county": "se", "date": "2021-06-17T17:50:30.225Z", "delivery_cost": "0.00", "order_total": "0.00", "grand_total": "0.00", "original_bag": "{\"4\": 2}", "stripe_pid": "pi_1J3PM3GTxIYfFpEQy6RdoVG9"}}, {"model": "checkout.order", "pk": 36, "fields": {"order_number": "A57CE9A6D263497990091C932CA402C4", "user_profile": 1, "full_name": "Ruby Srivastava", "email": "ruby.srivas1984@gmail.com", "phone_number": "+46734787008", "country": "SE", "postcode": "43146", "town_or_city": "Möndal", "street_address1": "Vetekornsgatan 35", "street_address2": null, "county": "se", "date": "2021-06-17T17:52:26.865Z", "delivery_cost": "0.00", "order_total": "5499.00", "grand_total": "5499.00", "original_bag": "{\"4\": 1}", "stripe_pid": "pi_1J3PNvGTxIYfFpEQMv4seB9O"}}, {"model": "checkout.order", "pk": 37, "fields": {"order_number": "BEBB81292A874BAA8221844A0907DABF", "user_profile": 1, "full_name": "Ruby Srivastava", "email": "ruby.srivas1984@gmail.com", "phone_number": "+46734787008", "country": "SE", "postcode": "43146", "town_or_city": "Möndal", "street_address1": "Vetekornsgatan 35", "street_address2": null, "county": "se", "date": "2021-06-18T13:35:14.750Z", "delivery_cost": "0.00", "order_total": "1648.00", "grand_total": "1648.00", "original_bag": "{\"2\": 1, \"13\": {\"items_by_size\": {\"m\": 1}}}", "stripe_pid": "pi_1J3hqRGTxIYfFpEQxtgGx8xk"}}, {"model": "checkout.order", "pk": 38, "fields": {"order_number": "DB5175D876CB4803B6276A90BC52E801", "user_profile": 1, "full_name": "Ruby Srivastava", "email": "ruby.srivas1984@gmail.com", "phone_number": "+46734787008", "country": "SE", "postcode": "43146", "town_or_city": "Möndal", "street_address1": "Vetekornsgatan 35", "street_address2": null, "county": "se", "date": "2021-06-20T15:20:06.557Z", "delivery_cost": "0.00", "order_total": "4985.00", "grand_total": "4985.00", "original_bag": "{\"19\": {\"items_by_size\": {\"m\": 5}}, \"3\": 1, \"33\": 1}", "stripe_pid": "pi_1J4SQSGTxIYfFpEQZ2R9mavf"}}, {"model": "checkout.order", "pk": 39, "fields": {"order_number": "FFA72F8DF5ED4287A1181C74A9F224C1", "user_profile": 1, "full_name": "Ruby Srivastava", "email": "ruby.srivas1984@gmail.com", "phone_number": "+46734787008", "country": "SE", "postcode": "43146", "town_or_city": "Möndal", "street_address1": "Vetekornsgatan 35", "street_address2": null, "county": "se", "date": "2021-06-20T15:30:58.694Z", "delivery_cost": "0.00", "order_total": "5499.00", "grand_total": "5499.00", "original_bag": "{\"4\": 1}", "stripe_pid": "pi_1J4SbbGTxIYfFpEQkFnTTf5X"}}, {"model": "checkout.order", "pk": 40, "fields": {"order_number": "0E645246665E49739647CB83E379BB6B", "user_profile": 2, "full_name": "Ruby Srivastava", "email": "ruby.srivas1984@gmail.com", "phone_number": "+46734787008", "country": "SE", "postcode": "43146", "town_or_city": "Möndal", "street_address1": "Vetekornsgatan 35", "street_address2": null, "county": "se", "date": "2021-06-20T15:37:27.251Z", "delivery_cost": "4.90", "order_total": "49.00", "grand_total": "53.90", "original_bag": "{\"22\": 1}", "stripe_pid": "pi_1J4ShuGTxIYfFpEQTNVl0EXr"}}, {"model": "checkout.orderlineitem", "pk": 1, "fields": {"order": 1, "product": 21, "product_size": null, "quantity": 1, "lineitem_total": "149.00"}}, {"model": "checkout.orderlineitem", "pk": 4, "fields": {"order": 4, "product": 1, "product_size": null, "quantity": 1, "lineitem_total": "299.00"}}, {"model": "checkout.orderlineitem", "pk": 5, "fields": {"order": 5, "product": 2, "product_size": null, "quantity": 1, "lineitem_total": "1499.00"}}, {"model": "checkout.orderlineitem", "pk": 6, "fields": {"order": 6, "product": 31, "product_size": null, "quantity": 1, "lineitem_total": "65.00"}}, {"model": "checkout.orderlineitem", "pk": 7, "fields": {"order": 7, "product": 4, "product_size": null, "quantity": 1, "lineitem_total": "5499.00"}}, {"model": "checkout.orderlineitem", "pk": 8, "fields": {"order": 8, "product": 3, "product_size": null, "quantity": 1, "lineitem_total": "3499.00"}}, {"model": "checkout.orderlineitem", "pk": 9, "fields": {"order": 9, "product": 21, "product_size": null, "quantity": 1, "lineitem_total": "149.00"}}, {"model": "checkout.orderlineitem", "pk": 10, "fields": {"order": 10, "product": 9, "product_size": null, "quantity": 1, "lineitem_total": "690.00"}}, {"model": "checkout.orderlineitem", "pk": 11, "fields": {"order": 11, "product": 7, "product_size": null, "quantity": 1, "lineitem_total": "1999.00"}}, {"model": "checkout.orderlineitem", "pk": 12, "fields": {"order": 12, "product": 1, "product_size": null, "quantity": 1, "lineitem_total": "299.00"}}, {"model": "checkout.orderlineitem", "pk": 13, "fields": {"order": 13, "product": 11, "product_size": null, "quantity": 1, "lineitem_total": "299.00"}}, {"model": "checkout.orderlineitem", "pk": 14, "fields": {"order": 14, "product": 11, "product_size": null, "quantity": 1, "lineitem_total": "299.00"}}, {"model": "checkout.orderlineitem", "pk": 15, "fields": {"order": 15, "product": 11, "product_size": null, "quantity": 1, "lineitem_total": "299.00"}}, {"model": "checkout.orderlineitem", "pk": 16, "fields": {"order": 16, "product": 32, "product_size": null, "quantity": 1, "lineitem_total": "129.00"}}, {"model": "checkout.orderlineitem", "pk": 17, "fields": {"order": 17, "product": 30, "product_size": null, "quantity": 1, "lineitem_total": "89.00"}}, {"model": "checkout.orderlineitem", "pk": 18, "fields": {"order": 18, "product": 14, "product_size": "m", "quantity": 2, "lineitem_total": "198.00"}}, {"model": "checkout.orderlineitem", "pk": 19, "fields": {"order": 19, "product": 21, "product_size": null, "quantity": 1, "lineitem_total": "149.00"}}, {"model": "checkout.orderlineitem", "pk": 20, "fields": {"order": 20, "product": 20, "product_size": null, "quantity": 1, "lineitem_total": "199.00"}}, {"model": "checkout.orderlineitem", "pk": 21, "fields": {"order": 21, "product": 22, "product_size": null, "quantity": 1, "lineitem_total": "49.00"}}, {"model": "checkout.orderlineitem", "pk": 22, "fields": {"order": 22, "product": 31, "product_size": null, "quantity": 2, "lineitem_total": "130.00"}}, {"model": "checkout.orderlineitem", "pk": 23, "fields": {"order": 22, "product": 10, "product_size": null, "quantity": 2, "lineitem_total": "698.00"}}, {"model": "checkout.orderlineitem", "pk": 24, "fields": {"order": 22, "product": 8, "product_size": null, "quantity": 1, "lineitem_total": "399.00"}}, {"model": "checkout.orderlineitem", "pk": 25, "fields": {"order": 22, "product": 11, "product_size": null, "quantity": 1, "lineitem_total": "299.00"}}, {"model": "checkout.orderlineitem", "pk": 26, "fields": {"order": 22, "product": 32, "product_size": null, "quantity": 2, "lineitem_total": "258.00"}}, {"model": "checkout.orderlineitem", "pk": 27, "fields": {"order": 23, "product": 32, "product_size": null, "quantity": 1, "lineitem_total": "129.00"}}, {"model": "checkout.orderlineitem", "pk": 28, "fields": {"order": 24, "product": 20, "product_size": null, "quantity": 1, "lineitem_total": "199.00"}}, {"model": "checkout.orderlineitem", "pk": 29, "fields": {"order": 25, "product": 14, "product_size": "m", "quantity": 1, "lineitem_total": "99.00"}}, {"model": "checkout.orderlineitem", "pk": 30, "fields": {"order": 26, "product": 21, "product_size": null, "quantity": 1, "lineitem_total": "149.00"}}, {"model": "checkout.orderlineitem", "pk": 31, "fields": {"order": 27, "product": 23, "product_size": null, "quantity": 1, "lineitem_total": "12.00"}}, {"model": "checkout.orderlineitem", "pk": 32, "fields": {"order": 28, "product": 1, "product_size": null, "quantity": 1, "lineitem_total": "299.00"}}, {"model": "checkout.orderlineitem", "pk": 33, "fields": {"order": 29, "product": 20, "product_size": null, "quantity": 1, "lineitem_total": "199.00"}}, {"model": "checkout.orderlineitem", "pk": 34, "fields": {"order": 30, "product": 32, "product_size": null, "quantity": 1, "lineitem_total": "129.00"}}, {"model": "checkout.orderlineitem", "pk": 35, "fields": {"order": 36, "product": 4, "product_size": null, "quantity": 1, "lineitem_total": "5499.00"}}, {"model": "checkout.orderlineitem", "pk": 36, "fields": {"order": 37, "product": 2, "product_size": null, "quantity": 1, "lineitem_total": "1499.00"}}, {"model": "checkout.orderlineitem", "pk": 37, "fields": {"order": 37, "product": 13, "product_size": "m", "quantity": 1, "lineitem_total": "149.00"}}, {"model": "checkout.orderlineitem", "pk": 38, "fields": {"order": 38, "product": 19, "product_size": "m", "quantity": 5, "lineitem_total": "1400.00"}}, {"model": "checkout.orderlineitem", "pk": 39, "fields": {"order": 38, "product": 3, "product_size": null, "quantity": 1, "lineitem_total": "3499.00"}}, {"model": "checkout.orderlineitem", "pk": 40, "fields": {"order": 38, "product": 33, "product_size": null, "quantity": 1, "lineitem_total": "86.00"}}, {"model": "checkout.orderlineitem", "pk": 41, "fields": {"order": 39, "product": 4, "product_size": null, "quantity": 1, "lineitem_total": "5499.00"}}, {"model": "checkout.orderlineitem", "pk": 42, "fields": {"order": 40, "product": 22, "product_size": null, "quantity": 1, "lineitem_total": "49.00"}}, {"model": "profiles.userprofile", "pk": 1, "fields": {"user": 1, "default_phone_number": "+46734787008", "default_street_address1": "Vetekornsgatan 35", "default_street_address2": null, "default_town_or_city": "Möndal", "default_county": "se", "default_postcode": "43146", "default_country": "SE"}}, {"model": "profiles.userprofile", "pk": 2, "fields": {"user": 2, "default_phone_number": "+46734787008", "default_street_address1": "Vetekornsgatan 35", "default_street_address2": null, "default_town_or_city": "Möndal", "default_county": "se", "default_postcode": "43146", "default_country": "SE"}}, {"model": "profiles.userprofile", "pk": 3, "fields": {"user": 3, "default_phone_number": null, "default_street_address1": null, "default_street_address2": null, "default_town_or_city": null, "default_county": null, "default_postcode": null, "default_country": null}}]